set	panel	model	group
ar	checkm	PF00164.20	0
ar	checkm	PF00177.16	1
ar	checkm	PF00181.18	2
ar	checkm	PF03947.13	2
ar	checkm	PF00189.15	3
ar	checkm	PF00237.14	3
ar	checkm	PF00831.18	3
ar	checkm	PF01868.11	3
ar	checkm	PF00203.16	4
ar	checkm	PF00238.14	5
ar	checkm	PF00252.13	6
ar	checkm	PF00276.15	7
ar	checkm	PF00297.17	7
ar	checkm	PF00573.17	7
ar	checkm	PF00281.14	8
ar	checkm	PF00673.16	8
ar	checkm	PF00298.14	9
ar	checkm	PF00312.17	10
ar	checkm	PF08069.7	10
ar	checkm	PF00318.15	11
ar	checkm	PF00327.15	12
ar	checkm	PF00333.15	12
ar	checkm	PF03719.10	12
ar	checkm	PF00347.18	13
ar	checkm	PF00366.15	14
ar	checkm	PF00380.14	15
ar	checkm	PF00572.13	15
ar	checkm	PF01194.12	15
ar	checkm	PF00398.15	16
ar	checkm	PF00410.14	17
ar	checkm	PF00411.14	18
ar	checkm	PF00416.17	19
ar	checkm	TIGR01018	19
ar	checkm	PF00466.15	20
ar	checkm	PF00687.16	20
ar	checkm	PF00562.23	21
ar	checkm	PF00623.15	21
ar	checkm	PF01191.14	21
ar	checkm	PF04560.15	21
ar	checkm	PF04561.9	21
ar	checkm	PF04563.10	21
ar	checkm	PF04565.11	21
ar	checkm	PF04566.8	21
ar	checkm	PF04567.12	21
ar	checkm	PF04983.13	21
ar	checkm	PF04997.7	21
ar	checkm	PF05000.12	21
ar	checkm	TIGR02389	21
ar	checkm	PF00679.19	22
ar	checkm	PF03764.13	22
ar	checkm	PF00736.14	23
ar	checkm	PF00749.16	24
ar	checkm	PF03950.13	24
ar	checkm	PF00750.14	25
ar	checkm	PF05746.10	25
ar	checkm	PF00752.12	26
ar	checkm	PF00867.13	26
ar	checkm	PF00827.12	27
ar	checkm	PF00832.15	28
ar	checkm	PF00833.13	29
ar	checkm	PF00861.17	30
ar	checkm	PF01280.15	30
ar	checkm	PF01655.13	30
ar	checkm	PF00900.15	31
ar	checkm	PF08071.7	31
ar	checkm	TIGR01080	31
ar	checkm	PF00935.14	32
ar	checkm	PF01667.12	32
ar	checkm	PF00958.17	33
ar	checkm	PF01000.21	34
ar	checkm	PF01193.19	34
ar	checkm	PF01015.13	35
ar	checkm	PF01090.14	36
ar	checkm	PF01092.14	37
ar	checkm	PF01157.13	38
ar	checkm	PF03874.11	38
ar	checkm	PF01172.13	39
ar	checkm	PF09377.5	39
ar	checkm	PF01192.17	40
ar	checkm	PF01198.14	41
ar	checkm	PF01912.13	41
ar	checkm	PF01200.13	42
ar	checkm	PF01201.17	43
ar	checkm	PF01246.15	44
ar	checkm	PF01269.12	45
ar	checkm	PF01282.14	46
ar	checkm	PF01287.15	47
ar	checkm	PF01351.13	48
ar	checkm	PF01725.11	49
ar	checkm	PF01780.14	50
ar	checkm	PF01798.13	51
ar	checkm	PF01849.13	52
ar	checkm	PF01864.12	53
ar	checkm	PF01866.12	54
ar	checkm	PF01922.12	55
ar	checkm	PF01981.11	56
ar	checkm	PF01982.11	57
ar	checkm	PF01984.15	58
ar	checkm	PF02005.11	59
ar	checkm	PF02978.14	60
ar	checkm	PF03439.8	61
ar	checkm	PF03484.10	62
ar	checkm	PF03876.12	63
ar	checkm	PF04010.8	64
ar	checkm	PF04019.7	65
ar	checkm	PF04127.10	66
ar	checkm	PF04919.7	67
ar	checkm	PF05221.12	68
ar	checkm	PF05670.8	69
ar	checkm	PF06026.9	70
ar	checkm	PF06418.9	71
ar	checkm	PF07541.7	72
ar	checkm	PF08068.7	73
ar	checkm	TIGR00425	73
ar	checkm	PF09173.6	74
ar	checkm	PF09249.6	75
ar	checkm	PF11987.3	76
ar	checkm	PF13656.1	77
ar	checkm	PF13685.1	78
ar	checkm	TIGR00057	79
ar	checkm	TIGR00064	80
ar	checkm	TIGR00134	81
ar	checkm	TIGR00270	82
ar	checkm	TIGR00289	83
ar	checkm	TIGR03679	83
ar	checkm	TIGR00329	84
ar	checkm	TIGR00336	85
ar	checkm	TIGR00344	86
ar	checkm	TIGR03683	86
ar	checkm	TIGR00389	87
ar	checkm	TIGR00392	88
ar	checkm	TIGR00398	89
ar	checkm	TIGR00408	90
ar	checkm	TIGR00419	91
ar	checkm	TIGR00422	92
ar	checkm	TIGR00432	93
ar	checkm	TIGR00442	94
ar	checkm	TIGR00468	95
ar	checkm	TIGR00522	96
ar	checkm	TIGR00549	97
ar	checkm	TIGR00670	98
ar	checkm	TIGR01046	99
ar	checkm	TIGR01213	100
ar	checkm	TIGR02076	101
ar	checkm	TIGR02153	102
ar	checkm	TIGR02338	103
ar	checkm	TIGR03665	104
ar	checkm	TIGR03677	105
ar	checkm	TIGR03685	106
ar	checkm	TIGR03724	107
bac	checkm	PF00162.14	0
bac	checkm	PF00164.20	1
bac	checkm	PF00177.16	1
bac	checkm	PF00181.18	2
bac	checkm	PF00189.15	2
bac	checkm	PF00203.16	2
bac	checkm	PF00237.14	2
bac	checkm	PF00252.13	2
bac	checkm	PF00276.15	2
bac	checkm	PF00297.17	2
bac	checkm	PF00366.15	2
bac	checkm	PF00573.17	2
bac	checkm	PF00831.18	2
bac	checkm	PF03947.13	2
bac	checkm	PF00238.14	3
bac	checkm	PF00281.14	3
bac	checkm	PF00333.15	3
bac	checkm	PF00347.18	3
bac	checkm	PF00410.14	3
bac	checkm	PF00673.16	3
bac	checkm	PF00828.14	3
bac	checkm	PF00861.17	3
bac	checkm	PF03719.10	3
bac	checkm	TIGR00967	3
bac	checkm	TIGR01079	3
bac	checkm	PF00298.14	4
bac	checkm	PF00687.16	4
bac	checkm	PF03946.9	4
bac	checkm	PF00312.17	5
bac	checkm	PF00318.15	6
bac	checkm	PF00889.14	6
bac	checkm	PF00338.17	7
bac	checkm	PF00380.14	8
bac	checkm	PF00572.13	8
bac	checkm	PF00411.14	9
bac	checkm	PF00416.17	9
bac	checkm	PF01000.21	9
bac	checkm	PF01193.19	9
bac	checkm	PF01196.14	9
bac	checkm	PF00453.13	10
bac	checkm	PF01632.14	10
bac	checkm	PF00466.15	11
bac	checkm	TIGR00855	11
bac	checkm	PF00562.23	12
bac	checkm	PF00623.15	12
bac	checkm	PF04560.15	12
bac	checkm	PF04561.9	12
bac	checkm	PF04563.10	12
bac	checkm	PF04565.11	12
bac	checkm	PF04983.13	12
bac	checkm	PF04997.7	12
bac	checkm	PF04998.12	12
bac	checkm	PF05000.12	12
bac	checkm	PF10385.4	12
bac	checkm	PF00829.16	13
bac	checkm	PF01016.14	13
bac	checkm	PF00886.14	14
bac	checkm	PF01018.17	15
bac	checkm	PF01121.15	16
bac	checkm	PF01195.14	17
bac	checkm	PF01245.15	18
bac	checkm	PF01250.12	19
bac	checkm	PF01281.14	20
bac	checkm	PF03948.9	20
bac	checkm	PF01409.15	21
bac	checkm	PF02912.13	21
bac	checkm	PF01509.13	22
bac	checkm	PF01649.13	23
bac	checkm	PF01668.13	24
bac	checkm	PF01746.16	25
bac	checkm	PF01765.14	26
bac	checkm	PF01795.14	27
bac	checkm	PF02033.13	28
bac	checkm	PF02130.12	29
bac	checkm	PF02367.12	30
bac	checkm	PF02978.14	31
bac	checkm	PF03484.10	32
bac	checkm	PF05491.8	33
bac	checkm	PF05697.8	34
bac	checkm	PF06071.8	35
bac	checkm	PF06421.7	36
bac	checkm	PF08459.6	37
bac	checkm	PF08529.6	38
bac	checkm	PF13184.1	38
bac	checkm	PF11987.3	39
bac	checkm	PF12344.3	40
bac	checkm	PF13603.1	41
bac	checkm	TIGR00019	42
bac	checkm	TIGR00084	43
bac	checkm	TIGR00250	44
bac	checkm	TIGR00329	45
bac	checkm	TIGR03723	45
bac	checkm	TIGR00344	46
bac	checkm	TIGR00392	47
bac	checkm	TIGR00459	48
bac	checkm	TIGR00460	49
bac	checkm	TIGR00615	50
bac	checkm	TIGR00755	51
bac	checkm	TIGR00810	52
bac	checkm	TIGR00922	53
bac	checkm	TIGR02075	54
bac	checkm	TIGR02432	55
bac	checkm	TIGR03263	56
bac	checkm	TIGR03594	57
dpann	gtdb	3a0501s007	0
dpann	gtdb	L3_arch	0
dpann	gtdb	Ribosomal_L19e	0
dpann	gtdb	Ribosomal_S4e	0
dpann	gtdb	Ribosomal_S8	0
dpann	gtdb	uS3_euk_arch	0
dpann	gtdb	uS5_euk_arch	0
dpann	gtdb	RNA_pol_rpoA1	1
dpann	gtdb	RNA_pol_rpoA2	1
dpann	gtdb	nusA_arch	1
dpann	gtdb	rpoB_arch	1
dpann	gtdb	Ribosomal_L1	2
dpann	gtdb	Ribosomal_L10	2
dpann	gtdb	Topo_VI_alpha	3
dpann	gtdb	top6b	3
dpann	gtdb	DUF655	4
dpann	gtdb	EF-1_alpha	5
dpann	gtdb	EIF_2_alpha	6
dpann	gtdb	Gins51_C	7
dpann	gtdb	KOW_elon_Spt5	8
dpann	gtdb	MJ0538	9
dpann	gtdb	RNA_SBDS	10
dpann	gtdb	RNA_helicase_helical	11
dpann	gtdb	RNA_pol_A_bac	12
dpann	gtdb	Ribosomal_L15e	13
dpann	gtdb	Ribosomal_S19e	14
dpann	gtdb	Ribosomal_S28e	15
dpann	gtdb	Ribosomal_S3Ae	16
dpann	gtdb	SMC_ScpA	17
dpann	gtdb	SMC_ScpB	18
dpann	gtdb	aIF-2	19
dpann	gtdb	aRF1_eRF1	20
dpann	gtdb	cca_archaeal	21
dpann	gtdb	dph5	22
dpann	gtdb	eIF_5A	23
dpann	gtdb	eif2g_arch	24
dpann	gtdb	fen_arch	25
dpann	gtdb	ftsY	26
dpann	gtdb	gatE_arch	27
dpann	gtdb	gimC_beta	28
dpann	gtdb	recomb_radA	29
dpann	gtdb	rpoE	30
dpann	gtdb	serS	31
dpann	gtdb	topA_arch	32
dpann	gtdb	uS10_euk_arch	33
dpann	gtdb	uS12_E_A	34
dpann	gtdb	uS2_euk_arch	35
dpann	gtdb	uS4_arch	36
dpann	gtdb	uS7_euk_arch	37
pat	checkm	cpr_PF00276.21	0
pat	checkm	cpr_PF00281.20	1
pat	checkm	cpr_PF00366.21	2
pat	checkm	cpr_PF00380.20	3
pat	checkm	cpr_PF00410.20	4
pat	checkm	cpr_PF00411.20	5
pat	checkm	cpr_PF00521.21	6
pat	checkm	cpr_PF00573.23	7
pat	checkm	cpr_PF01196.20	8
pat	checkm	cpr_PF01409.21	9
pat	checkm	cpr_PF01411.20	10
pat	checkm	cpr_PF13393.7	11
pat	checkm	cpr_TIGR00002	12
pat	checkm	cpr_TIGR00029	13
pat	checkm	cpr_TIGR00060	14
pat	checkm	cpr_TIGR00061	15
pat	checkm	cpr_TIGR00062	16
pat	checkm	cpr_TIGR00396	17
pat	checkm	cpr_TIGR00422	18
pat	checkm	cpr_TIGR00459	19
pat	checkm	cpr_TIGR00952	20
pat	checkm	cpr_TIGR00967	21
pat	checkm	cpr_TIGR00981	22
pat	checkm	cpr_TIGR01009	23
pat	checkm	cpr_TIGR01011	24
pat	checkm	cpr_TIGR01017	25
pat	checkm	cpr_TIGR01021	26
pat	checkm	cpr_TIGR01024	27
pat	checkm	cpr_TIGR01029	28
pat	checkm	cpr_TIGR01032	29
pat	checkm	cpr_TIGR01044	30
pat	checkm	cpr_TIGR01049	31
pat	checkm	cpr_TIGR01050	32
pat	checkm	cpr_TIGR01066	33
pat	checkm	cpr_TIGR01067	34
pat	checkm	cpr_TIGR01071	35
pat	checkm	cpr_TIGR01079	36
pat	checkm	cpr_TIGR01164	37
pat	checkm	cpr_TIGR01171	38
pat	checkm	cpr_TIGR01632	39
pat	checkm	cpr_TIGR02012	40
pat	checkm	cpr_TIGR03625	41
pat	checkm	cpr_TIGR03631	42
