model	searched	sequence	domain
PF00832.15	checkm_PF00832.15	21.6	21.6
PF00181.18	checkm_PF00181.18	27.1	27.1
PF01982.11	checkm_PF01982.11	25.0	25.0
TIGR00967	3a0501s007	233.3	233.3
PF01798.13	checkm_PF01798.13	25.0	25.0
PF02130.12	checkm_PF02130.12	25.0	25.0
PF04560.15	checkm_PF04560.15	23.0	23.0
PF03947.13	checkm_PF03947.13	21.5	21.5
PF01984.15	checkm_PF01984.15	26.0	26.0
PF08069.7	checkm_PF08069.7	25.0	25.0
TIGR00289	checkm_TIGR00289	126.35	126.35
TIGR02389	RNA_pol_rpoA2	310.25	310.25
PF00338.17	checkm_PF00338.17	21.2	21.2
PF01866.12	checkm_PF01866.12	28.7	28.7
TIGR00344	alaS	420.0	420.0
PF00347.18	checkm_PF00347.18	21.3	21.3
PF00935.14	checkm_PF00935.14	25.0	25.0
PF00164.20	checkm_PF00164.20	19.9	19.9
TIGR00922	nusG	125.85	125.85
TIGR02076	checkm_TIGR02076	114.5	114.5
PF00861.17	checkm_PF00861.17	27.8	27.8
PF03874.11	checkm_PF03874.11	21.6	21.6
TIGR03679	checkm_TIGR03679	193.45	193.45
PF00752.12	checkm_PF00752.12	21.1	21.1
PF00867.13	checkm_PF00867.13	22.5	22.5
TIGR00134	checkm_TIGR00134	223.4	223.4
PF01015.13	checkm_PF01015.13	25.0	25.0
PF01282.14	checkm_PF01282.14	25.0	25.0
PF01795.14	checkm_PF01795.14	19.8	19.8
PF00831.18	checkm_PF00831.18	24.5	24.5
TIGR03263	guanyl_kin	132.6	132.6
PF01121.15	checkm_PF01121.15	20.8	20.8
PF00327.15	checkm_PF00327.15	22.4	22.4
PF01649.13	checkm_PF01649.13	20.6	20.6
PF00679.19	checkm_PF00679.19	24.0	24.0
PF01196.14	checkm_PF01196.14	20.2	20.2
PF00281.14	checkm_PF00281.14	20.8	20.8
PF00562.23	checkm_PF00562.23	23.4	23.4
TIGR00459	aspS_bact	317.5	317.5
PF02367.12	checkm_PF02367.12	20.5	20.5
PF01922.12	checkm_PF01922.12	21.7	21.7
PF08071.7	checkm_PF08071.7	20.4	20.4
TIGR00084	checkm_TIGR00084	81.5	81.5
TIGR00432	checkm_TIGR00432	347.2	347.2
PF02978.14	checkm_PF02978.14	20.1	20.1
PF01287.15	checkm_PF01287.15	21.5	21.5
PF13685.1	checkm_PF13685.1	25.0	25.0
TIGR03723	T6A_TsaD_YgjD	287.85	287.85
TIGR02153	checkm_TIGR02153	258.35	258.35
PF00189.15	checkm_PF00189.15	21.3	21.3
PF01281.14	checkm_PF01281.14	20.7	20.7
PF01246.15	checkm_PF01246.15	20.8	20.8
PF04566.8	checkm_PF04566.8	21.6	21.6
PF06071.8	checkm_PF06071.8	20.1	20.1
PF01667.12	checkm_PF01667.12	24.5	24.5
PF04561.9	checkm_PF04561.9	21.3	21.3
PF06421.7	checkm_PF06421.7	22.0	22.0
PF04997.7	checkm_PF04997.7	20.3	20.3
PF06026.9	checkm_PF06026.9	26.0	26.0
PF01864.12	checkm_PF01864.12	20.6	20.6
PF03950.13	checkm_PF03950.13	21.0	21.0
PF01201.17	checkm_PF01201.17	21.3	21.3
PF00828.14	checkm_PF00828.14	21.2	21.2
TIGR03594	GTPase_EngA	230.2	230.2
PF01000.21	checkm_PF01000.21	21.3	21.3
TIGR00810	secG	27.8	27.8
TIGR00250	RNAse_H_YqgF	38.45	38.45
PF02912.13	checkm_PF02912.13	21.0	21.0
PF01016.14	checkm_PF01016.14	20.5	20.5
PF01245.15	checkm_PF01245.15	21.4	21.4
TIGR02338	gimC_beta	49.65	49.65
PF06418.9	checkm_PF06418.9	22.3	22.3
PF01280.15	checkm_PF01280.15	25.0	25.0
TIGR00064	ftsY	246.3	246.3
PF01655.13	checkm_PF01655.13	25.0	25.0
TIGR00855	checkm_TIGR00855	55.0	55.0
PF04983.13	checkm_PF04983.13	21.2	21.2
PF01668.13	checkm_PF01668.13	20.2	20.2
PF05000.12	checkm_PF05000.12	24.8	24.8
PF01200.13	checkm_PF01200.13	25.0	25.0
PF04127.10	checkm_PF04127.10	20.3	20.3
PF00829.16	checkm_PF00829.16	21.1	21.1
TIGR00755	checkm_TIGR00755	168.6	168.6
PF01172.13	checkm_PF01172.13	24.4	24.4
PF04567.12	checkm_PF04567.12	20.4	18.0
PF04565.11	checkm_PF04565.11	21.0	10.3
PF00298.14	checkm_PF00298.14	21.4	21.4
PF02005.11	checkm_PF02005.11	19.6	19.6
PF00312.17	checkm_PF00312.17	20.9	20.9
PF00366.15	checkm_PF00366.15	20.9	20.9
PF01780.14	checkm_PF01780.14	21.9	21.9
PF01191.14	checkm_PF01191.14	21.3	21.3
PF01193.19	checkm_PF01193.19	18.9	18.9
PF01409.15	checkm_PF01409.15	19.8	19.8
PF04010.8	checkm_PF04010.8	24.0	24.0
TIGR01080	checkm_TIGR01080	37.55	37.55
TIGR03724	checkm_TIGR03724	61.2	61.2
PF00203.16	checkm_PF00203.16	21.0	21.0
PF13656.1	checkm_PF13656.1	27.0	27.0
TIGR00270	checkm_TIGR00270	46.5	46.5
PF01250.12	checkm_PF01250.12	21.0	21.0
PF00252.13	checkm_PF00252.13	20.7	20.7
PF04919.7	checkm_PF04919.7	22.2	22.2
PF11987.3	checkm_PF11987.3	20.2	20.2
TIGR00336	checkm_TIGR00336	69.65	69.65
PF01746.16	checkm_PF01746.16	21.5	21.5
PF01269.12	checkm_PF01269.12	19.9	19.9
PF09173.6	checkm_PF09173.6	22.0	22.0
PF00466.15	checkm_PF00466.15	22.0	22.0
PF00398.15	checkm_PF00398.15	21.6	21.6
PF00749.16	checkm_PF00749.16	19.8	19.8
PF01912.13	checkm_PF01912.13	25.0	25.0
PF00453.13	checkm_PF00453.13	24.1	24.1
PF08459.6	checkm_PF08459.6	21.3	21.3
TIGR02075	pyrH_bact	124.7	124.7
PF00162.14	checkm_PF00162.14	19.9	19.9
PF05221.12	checkm_PF05221.12	25.0	25.0
PF04563.10	checkm_PF04563.10	20.7	20.7
PF01198.14	checkm_PF01198.14	25.0	25.0
PF01849.13	checkm_PF01849.13	21.3	21.3
PF00297.17	checkm_PF00297.17	26.5	26.5
TIGR02432	lysidine_TilS_N	85.8	85.8
TIGR00460	fmt	178.75	178.75
PF03946.9	checkm_PF03946.9	19.6	19.6
TIGR00468	pheS	190.65	190.65
TIGR00419	checkm_TIGR00419	113.5	113.5
PF01632.14	checkm_PF01632.14	22.2	22.2
PF00177.16	checkm_PF00177.16	20.2	20.2
PF01192.17	checkm_PF01192.17	20.6	20.6
TIGR00329	checkm_TIGR00329	124.95	124.95
PF01194.12	checkm_PF01194.12	24.7	24.7
PF00623.15	checkm_PF00623.15	23.4	23.4
TIGR00442	hisS	246.9	246.9
PF00889.14	checkm_PF00889.14	21.0	21.0
TIGR00425	checkm_TIGR00425	169.6	169.6
TIGR00422	checkm_TIGR00422	581.35	581.35
TIGR03677	checkm_TIGR03677	134.35	134.35
PF13603.1	checkm_PF13603.1	25.0	25.0
PF00886.14	checkm_PF00886.14	21.2	21.2
PF00736.14	checkm_PF00736.14	20.8	20.8
TIGR00522	dph5	113.75	113.75
PF00416.17	checkm_PF00416.17	24.6	24.6
PF09377.5	checkm_PF09377.5	21.2	21.2
PF00237.14	checkm_PF00237.14	20.1	20.1
PF00958.17	checkm_PF00958.17	21.1	21.1
PF01157.13	checkm_PF01157.13	21.6	21.6
PF05697.8	checkm_PF05697.8	21.3	21.3
PF01509.13	checkm_PF01509.13	25.6	25.6
TIGR00549	checkm_TIGR00549	139.4	139.4
TIGR00408	checkm_TIGR00408	251.35	251.35
PF01351.13	checkm_PF01351.13	20.6	20.6
TIGR00392	ileS	560.0	560.0
TIGR00398	metG	216.4	216.4
PF03764.13	checkm_PF03764.13	20.7	20.7
PF01765.14	checkm_PF01765.14	22.8	22.8
PF03719.10	checkm_PF03719.10	20.1	20.1
PF04998.12	checkm_PF04998.12	20.7	20.7
PF00276.15	checkm_PF00276.15	21.1	21.1
TIGR03665	checkm_TIGR03665	98.8	98.8
PF00333.15	checkm_PF00333.15	27.0	27.0
PF00318.15	checkm_PF00318.15	23.8	23.8
PF02033.13	checkm_PF02033.13	25.0	25.0
TIGR00615	recR	113.3	113.3
PF12344.3	checkm_PF12344.3	21.2	21.2
PF04019.7	checkm_PF04019.7	25.0	25.0
TIGR01046	uS10_euk_arch	81.1	81.1
TIGR00389	glyS_dimeric	190.9	190.9
PF01092.14	checkm_PF01092.14	25.0	25.0
PF10385.4	checkm_PF10385.4	21.5	21.5
PF03948.9	checkm_PF03948.9	21.0	21.0
TIGR01213	checkm_TIGR01213	81.2	81.2
PF09249.6	checkm_PF09249.6	21.9	21.9
PF00572.13	checkm_PF00572.13	21.1	21.1
PF00750.14	checkm_PF00750.14	22.3	22.3
PF00238.14	checkm_PF00238.14	23.6	23.6
PF00833.13	checkm_PF00833.13	22.8	22.8
PF07541.7	checkm_PF07541.7	21.7	21.7
PF03876.12	checkm_PF03876.12	20.9	20.9
PF05491.8	checkm_PF05491.8	24.7	24.7
PF03439.8	checkm_PF03439.8	20.2	20.1
TIGR03685	checkm_TIGR03685	99.85	99.85
TIGR03683	checkm_TIGR03683	741.7	741.7
PF00411.14	checkm_PF00411.14	21.7	21.7
TIGR01018	uS4_arch	78.1	78.1
PF08068.7	checkm_PF08068.7	20.9	20.9
PF01018.17	checkm_PF01018.17	21.5	21.5
TIGR00019	prfA	310.4	310.4
TIGR00670	checkm_TIGR00670	186.45	186.45
PF01195.14	checkm_PF01195.14	20.7	20.7
PF01868.11	checkm_PF01868.11	21.0	21.0
TIGR01079	rplX_bact	41.1	41.1
PF01981.11	checkm_PF01981.11	21.1	21.1
PF00827.12	checkm_PF00827.12	21.7	21.7
PF00687.16	checkm_PF00687.16	21.7	21.7
PF00380.14	checkm_PF00380.14	21.8	21.8
PF03484.10	checkm_PF03484.10	24.1	24.1
PF00673.16	checkm_PF00673.16	23.2	23.2
PF13184.1	checkm_PF13184.1	27.0	27.0
TIGR00057	checkm_TIGR00057	75.45	75.45
PF00410.14	checkm_PF00410.14	24.0	24.0
PF05670.8	checkm_PF05670.8	21.7	21.7
PF08529.6	checkm_PF08529.6	20.8	20.8
PF01090.14	checkm_PF01090.14	24.2	24.2
PF05746.10	checkm_PF05746.10	22.3	22.3
PF00573.17	checkm_PF00573.17	20.8	20.8
PF00900.15	checkm_PF00900.15	25.0	25.0
PF01725.11	checkm_PF01725.11	19.6	19.6
cpr_PF00276.21	checkm_cpr_PF00276.21	30.8	30.8
cpr_PF00281.20	checkm_cpr_PF00281.20	34.9	34.9
cpr_PF00366.21	checkm_cpr_PF00366.21	25.9	25.9
cpr_PF00380.20	checkm_cpr_PF00380.20	22.1	22.1
cpr_PF00410.20	checkm_cpr_PF00410.20	24.0	24.0
cpr_PF00411.20	checkm_cpr_PF00411.20	25.1	25.1
cpr_PF00521.21	checkm_cpr_PF00521.21	31.0	31.0
cpr_PF00573.23	checkm_cpr_PF00573.23	25.8	25.8
cpr_PF01196.20	checkm_cpr_PF01196.20	20.2	20.2
cpr_PF01409.21	checkm_cpr_PF01409.21	19.8	19.8
cpr_PF01411.20	checkm_cpr_PF01411.20	30.3	30.3
cpr_PF13393.7	checkm_cpr_PF13393.7	21.8	21.8
cpr_TIGR00002	checkm_cpr_TIGR00002	40.6	40.6
cpr_TIGR00029	checkm_cpr_TIGR00029	39.2	39.2
cpr_TIGR00060	checkm_cpr_TIGR00060	56.45	56.45
cpr_TIGR00061	L21	38.75	38.75
cpr_TIGR00062	checkm_cpr_TIGR00062	46.5	46.5
cpr_TIGR00396	leuS_bact	335.3	335.3
cpr_TIGR00422	checkm_TIGR00422	581.35	581.35
cpr_TIGR00459	aspS_bact	317.5	317.5
cpr_TIGR00952	checkm_cpr_TIGR00952	37.3	37.3
cpr_TIGR00967	3a0501s007	233.3	233.3
cpr_TIGR00981	checkm_cpr_TIGR00981	96.1	96.1
cpr_TIGR01009	rpsC_bact	87.4	87.4
cpr_TIGR01011	rpsB_bact	68.5	68.5
cpr_TIGR01017	rpsD_bact	66.8	66.8
cpr_TIGR01021	rpsE_bact	119.35	119.35
cpr_TIGR01024	checkm_cpr_TIGR01024	38.2	38.2
cpr_TIGR01029	rpsG_bact	96.25	96.25
cpr_TIGR01032	rplT_bact	49.95	49.95
cpr_TIGR01044	rplV_bact	66.75	66.75
cpr_TIGR01049	checkm_cpr_TIGR01049	70.0	70.0
cpr_TIGR01050	checkm_cpr_TIGR01050	84.95	84.95
cpr_TIGR01066	rplM_bact	72.45	72.45
cpr_TIGR01067	checkm_cpr_TIGR01067	108.3	108.3
cpr_TIGR01071	rplO_bact	48.35	48.35
cpr_TIGR01079	rplX_bact	41.1	41.1
cpr_TIGR01164	rplP_bact	56.2	56.2
cpr_TIGR01171	rplB_bact	164.85	164.85
cpr_TIGR01632	L11_bact	135.9	135.9
cpr_TIGR02012	tigrfam_recA	122.35	122.35
cpr_TIGR03625	L3_bact	107.4	107.4
cpr_TIGR03631	checkm_cpr_TIGR03631	88.35	88.35
