pfam	clan	nested
PF00162		
PF00164	CL0021	
PF00177		
PF00181	CL0021	
PF00189		
PF00203		
PF00237		
PF00238		
PF00252		
PF00276	CL0221	
PF00281		
PF00297		
PF00298		
PF00312		
PF00318		
PF00327		
PF00333	CL0196	
PF00338		
PF00347		
PF00366	CL0021	
PF00380		
PF00398	CL0063	
PF00410		
PF00411	CL0267	
PF00416	CL0303	
PF00453		
PF00466		
PF00521		
PF00562	CL0410	
PF00572		
PF00573		
PF00623		
PF00673		
PF00679	CL0437	
PF00687	CL0480	
PF00736		
PF00749	CL0039	
PF00750	CL0039	
PF00752	CL0280	
PF00827		
PF00828		
PF00829		
PF00831	CL0346	
PF00832		
PF00833		
PF00861	CL0267	
PF00867	CL0464	
PF00886		
PF00889		
PF00900		
PF00935		
PF00958		
PF01000		PF01193
PF01015		
PF01016		
PF01018		
PF01090		
PF01092		
PF01121	CL0023	
PF01157	CL0107	
PF01172		
PF01191		
PF01192		
PF01193	CL0509	PF00037,PF01000
PF01194		
PF01195		
PF01196		
PF01198		
PF01200		
PF01201		
PF01245		
PF01246	CL0175	
PF01250		
PF01269	CL0063	
PF01280		
PF01281		
PF01282		
PF01287	CL0021	
PF01351	CL0219	
PF01409	CL0040	
PF01411	CL0040	
PF01509		
PF01632		
PF01649		
PF01655		
PF01667	CL0167	
PF01668		
PF01725		
PF01746	CL0098	
PF01765		
PF01780	CL0167	
PF01795	CL0063	
PF01798		
PF01849		
PF01864	CL0234	
PF01866		
PF01868		
PF01912		
PF01922		
PF01981	CL0305	
PF01982		
PF01984		
PF02005	CL0063	
PF02033		
PF02130		
PF02367	CL0023	
PF02912	CL0298	
PF02978		
PF03439	CL0439	
PF03484		
PF03719	CL0329	
PF03764	CL0329	
PF03874	CL0426	
PF03876	CL0319	
PF03946		
PF03947	CL0107	
PF03948		
PF03950		
PF04010		
PF04019		
PF04127	CL0063	
PF04560		
PF04561		PF04563
PF04563		PF04561
PF04565		
PF04566		
PF04567		
PF04919	CL0198	
PF04983		
PF04997		
PF04998		PF04990,PF04992
PF05000		
PF05221	CL0325	PF00670
PF05491		
PF05670		
PF05697		
PF05746	CL0258	
PF06026	CL0246	
PF06071	CL0072	
PF06418	CL0023	
PF06421		
PF07541		
PF08068		
PF08069		
PF08071		
PF08459	CL0189	
PF08529		
PF09173		
PF09249		
PF09377	CL0437	
PF10385		
PF11987		
PF12344		
PF13184	CL0007	
PF13393	CL0040	
PF13603	CL0039	
PF13656	CL0509	
PF13685	CL0224	
