accession	model_name	marker_id	domain	name	length	single_copy_percent	ubiquity_percent	sets	ubiquity_bac	ubiquity_ar	ubiquity_pat	ubiquity_dpann
PF00380	Ribosomal_S9	PFAM_PF00380.20	bac120	Ribosomal_S9	121	91.47	92.77	bac,pat,dpann	0.9792	0.9866	0.9839	0.9933
PF00410	Ribosomal_S8	PFAM_PF00410.20	bac120,ar53	Ribosomal_S8	126	85.84	86.95	bac,ar,pat,dpann	0.9667	0.9899	0.9920	1.0000
PF00466	Ribosomal_L10	PFAM_PF00466.21	bac120,ar53	Ribosomal_L10	100	84.75	85.53	bac,ar,pat,dpann	0.9521	0.9832	0.9378	0.9600
PF00687	Ribosomal_L1	PFAM_PF00687.22	ar53	Ribosomal_L1	204	91.04	92.28	ar,dpann	0.9625	0.9866	0.6084	0.9633
PF00827	Ribosomal_L15e	PFAM_PF00827.18	ar53	Ribosomal_L15e	189	89.91	92.28	ar,dpann	0.0000	0.9698	0.0000	0.9767
PF00900	Ribosomal_S4e	PFAM_PF00900.21	ar53	Ribosomal_S4e	75	90.60	91.08	ar,dpann	0.0000	0.9899	0.0000	0.9767
PF01000	RNA_pol_A_bac	PFAM_PF01000.27	ar53	RNA_pol_A_bac	112	92.23	92.79	ar,pat,dpann	0.9729	0.9732	0.9859	0.9833
PF01015	Ribosomal_S3Ae	PFAM_PF01015.19	ar53	Ribosomal_S3Ae	195	90.43	91.82	ar,dpann	0.0000	0.9799	0.0020	0.9833
PF01025	GrpE	PFAM_PF01025.20	bac120	GrpE	166	85.72	94.34	bac,pat	0.9708	0.6275	0.9639	0.6467
PF01090	Ribosomal_S19e	PFAM_PF01090.20	ar53	Ribosomal_S19e	137	91.71	92.51	ar,dpann	0.0000	0.9832	0.0020	0.9833
PF01200	Ribosomal_S28e	PFAM_PF01200.19	ar53	Ribosomal_S28e	64	92.22	92.78	ar,dpann	0.0000	0.9765	0.0000	0.9900
PF01280	Ribosomal_L19e	PFAM_PF01280.21	ar53	Ribosomal_L19e	144	92.02	93.00	ar,dpann	0.0000	0.9966	0.0000	0.9967
PF02576	RimP_N	PFAM_PF02576.18	bac120	DUF150	73	74.31	74.84	bac	0.7979	0.0000	0.0060	0.0000
PF03726	PNPase	PFAM_PF03726.15	bac120	PNPase	83	83.63	84.23	bac	0.9688	0.0000	0.4618	0.0033
PF04919	DUF655	PFAM_PF04919.13	ar53	DUF655	181	92.87	94.22	ar,dpann	0.0292	0.9933	0.0080	0.9833
PF07541	EIF_2_alpha	PFAM_PF07541.13	ar53	EIF_2_alpha	114	89.49	90.83	ar,dpann	0.0000	0.9832	0.0000	0.9833
TIGR00006	TIGR00006	TIGR_TIGR00006	bac120	TIGR00006	310	90.94	95.08	bac,pat	0.9854	0.0000	0.9659	0.0000
TIGR00019	prfA	TIGR_TIGR00019	bac120	prfA	361	91.49	91.95	bac	0.9646	0.0000	0.4297	0.0033
TIGR00020	prfB	TIGR_TIGR00020	bac120	prfB	365	89.10	89.55	bac	0.9708	0.0000	0.7490	0.0000
TIGR00029	S20	TIGR_TIGR00029	bac120	S20	87	91.22	91.84	bac,pat	0.9708	0.0000	0.9538	0.0000
TIGR00037	eIF_5A	TIGR_TIGR00037	ar53	eIF_5A	130	91.32	91.90	ar,dpann	0.0000	0.9698	0.0000	0.9867
TIGR00043	TIGR00043	TIGR_TIGR00043	bac120	TIGR00043	111	90.17	90.88	bac	0.9583	0.0000	0.8112	0.0033
TIGR00054	TIGR00054	TIGR_TIGR00054	bac120	TIGR00054	421	89.74	94.52	bac,pat	0.9354	0.0000	0.9398	0.0033
TIGR00059	L17	TIGR_TIGR00059	bac120	L17	112	90.64	91.44	bac,pat	0.9771	0.0000	0.9438	0.0000
TIGR00061	L21	TIGR_TIGR00061	bac120	L21	101	91.57	92.40	bac,pat	0.9750	0.0000	0.9478	0.0100
TIGR00064	ftsY	TIGR_TIGR00064	bac120,ar53	ftsY	279	84.18	84.56	bac,ar,dpann	0.8771	0.9597	0.0000	0.9400
TIGR00065	ftsZ	TIGR_TIGR00065	bac120	ftsZ	353	83.84	90.08	bac,pat	0.8604	0.6477	0.9518	0.9967
TIGR00082	rbfA	TIGR_TIGR00082	bac120	rbfA	115	88.80	89.34	bac	0.9375	0.0000	0.2992	0.0000
TIGR00083	ribF	TIGR_TIGR00083	bac120	ribF	290	82.87	85.30	bac	0.8750	0.0000	0.0000	0.0033
TIGR00084	ruvA	TIGR_TIGR00084	bac120	ruvA	192	88.72	89.26	bac	0.9750	0.0336	0.8213	0.0033
TIGR00086	smpB	TIGR_TIGR00086	bac120	smpB	144	90.96	92.11	bac,pat	0.9458	0.0000	0.9056	0.0000
TIGR00088	trmD	TIGR_TIGR00088	bac120	trmD	233	92.73	94.92	bac,pat	0.9583	0.0000	0.8916	0.0000
TIGR00090	rsfS_iojap_ybeB	TIGR_TIGR00090	bac120	rsfS_iojap_ybeB	99	83.82	84.31	bac	0.9208	0.0000	0.0020	0.0000
TIGR00092	TIGR00092	TIGR_TIGR00092	bac120	TIGR00092	368	88.94	91.00	bac,pat	0.8208	0.0000	0.8976	0.0000
TIGR00095	TIGR00095	TIGR_TIGR00095	bac120	TIGR00095	194	86.08	87.06	bac	0.7729	0.0000	0.0884	0.0000
TIGR00111	pelota	TIGR_TIGR00111	ar53	pelota	351	77.60	78.16	ar	0.0000	0.7651	0.0000	0.7900
TIGR00115	tig	TIGR_TIGR00115	bac120	tig	410	85.43	89.39	bac	0.9167	0.0000	0.7329	0.0067
TIGR00116	tsf	TIGR_TIGR00116	bac120	tsf	293	91.61	92.81	bac,pat	0.9792	0.0000	0.9237	0.0000
TIGR00134	gatE_arch	TIGR_TIGR00134	ar53	gatE_arch	622	89.57	92.02	ar,dpann	0.0396	0.9664	0.0000	0.9700
TIGR00138	rsmG_gidB	TIGR_TIGR00138	bac120	rsmG_gidB	183	77.41	78.50	bac	0.7167	0.0000	0.0502	0.0000
TIGR00158	L9	TIGR_TIGR00158	bac120	L9	148	90.78	91.95	bac	0.9833	0.0000	0.6365	0.0067
TIGR00166	S6	TIGR_TIGR00166	bac120	S6	95	91.66	92.65	bac	0.9583	0.0000	0.6948	0.0067
TIGR00168	infC	TIGR_TIGR00168	bac120	infC	165	90.15	92.29	bac,pat	0.9688	0.0000	0.9598	0.0000
TIGR00186	rRNA_methyl_3	TIGR_TIGR00186	bac120	rRNA_methyl_3	240	74.92	77.17	bac	0.7458	0.0403	0.0462	0.0133
TIGR00194	uvrC	TIGR_TIGR00194	bac120	uvrC	574	90.34	91.10	bac	0.9708	0.2718	0.6847	0.1933
TIGR00250	RNAse_H_YqgF	TIGR_TIGR00250	bac120	RNAse_H_YqgF	130	87.57	88.17	bac	0.8667	0.0000	0.7149	0.0000
TIGR00279	uL16_euk_arch	TIGR_TIGR00279	ar53	uL16_euk_arch	172	90.52	91.31	ar	0.0000	0.2651	0.0000	0.0033
TIGR00291	RNA_SBDS	TIGR_TIGR00291	ar53	RNA_SBDS	231	92.34	92.99	ar,dpann	0.0000	0.9799	0.0000	0.9500
TIGR00323	eIF-6	TIGR_TIGR00323	ar53	eIF-6	215	74.86	75.13	ar	0.0000	0.9664	0.0000	0.5267
TIGR00335	primase_sml	TIGR_TIGR00335	ar53	primase_sml	324	69.07	70.02	ar	0.0000	0.8289	0.0000	0.1633
TIGR00337	PyrG	TIGR_TIGR00337	bac120	PyrG	526	85.56	87.60	bac	0.9375	0.9530	0.7771	0.7333
TIGR00344	alaS	TIGR_TIGR00344	bac120	alaS	847	90.36	91.77	bac,pat,dpann	0.9583	0.9463	0.9016	0.9133
TIGR00362	DnaA	TIGR_TIGR00362	bac120	DnaA	437	87.10	92.24	bac,pat	0.9396	0.0201	0.9578	0.0100
TIGR00373	TIGR00373	TIGR_TIGR00373	ar53	TIGR00373	162	68.87	71.54	ar	0.0000	0.2181	0.0000	0.0067
TIGR00382	clpX	TIGR_TIGR00382	bac120	clpX	414	74.82	83.82	bac	0.9104	0.0000	0.0060	0.0000
TIGR00392	ileS	TIGR_TIGR00392	bac120	ileS	861	87.03	88.30	bac,pat,dpann	0.9313	0.9463	0.8896	0.9500
TIGR00396	leuS_bact	TIGR_TIGR00396	bac120	leuS_bact	843	89.41	93.79	bac,pat	0.9708	0.0705	0.9317	0.4800
TIGR00398	metG	TIGR_TIGR00398	bac120	metG	530	89.47	93.25	bac,pat,dpann	0.9604	0.9564	0.9257	0.9500
TIGR00405	KOW_elon_Spt5	TIGR_TIGR00405	ar53	KOW_elon_Spt5	145	91.76	92.76	ar,dpann	0.0000	0.9866	0.0000	0.9767
TIGR00414	serS	TIGR_TIGR00414	bac120	serS	418	90.26	92.21	bac,pat,dpann	0.9625	0.6409	0.9438	0.9400
TIGR00416	sms	TIGR_TIGR00416	bac120	sms	454	75.43	75.95	bac	0.7312	0.0000	0.4920	0.0033
TIGR00420	trmU	TIGR_TIGR00420	bac120	trmU	351	88.95	91.21	bac,pat	0.9479	0.0067	0.8675	0.0633
TIGR00431	TruB	TIGR_TIGR00431	bac120	TruB	210	89.44	91.00	bac	0.9542	0.0000	0.4759	0.0000
TIGR00435	cysS	TIGR_TIGR00435	bac120	cysS	466	87.15	92.45	bac,pat,dpann	0.9604	0.7953	0.9317	0.9300
TIGR00436	era	TIGR_TIGR00436	bac120	era	270	78.76	79.83	bac	0.9792	0.0000	0.3956	0.0000
TIGR00442	hisS	TIGR_TIGR00442	bac120	hisS	406	89.91	91.70	bac,dpann	0.9563	0.9631	0.9458	0.9367
TIGR00445	mraY	TIGR_TIGR00445	bac120	mraY	321	86.98	88.65	bac	0.9375	0.0034	0.5201	0.0000
TIGR00448	rpoE	TIGR_TIGR00448	ar53	rpoE	179	92.08	92.48	ar,dpann	0.0000	0.9664	0.0000	0.9600
TIGR00456	argS	TIGR_TIGR00456	bac120	argS	569	90.11	93.13	bac,pat,dpann	0.9604	0.9664	0.9398	0.9633
TIGR00459	aspS_bact	TIGR_TIGR00459	bac120	aspS_bact	586	84.73	88.80	bac	0.9521	0.0369	0.6787	0.5233
TIGR00460	fmt	TIGR_TIGR00460	bac120	fmt	315	89.13	90.02	bac	0.8958	0.0034	0.6506	0.0033
TIGR00468	pheS	TIGR_TIGR00468	bac120	pheS	324	91.20	91.83	bac,dpann	0.9750	0.9732	0.7992	0.9667
TIGR00472	pheT_bact	TIGR_TIGR00472	bac120	pheT_bact	798	89.95	91.14	bac	0.9479	0.0000	0.8072	0.0000
TIGR00483	EF-1_alpha	TIGR_TIGR00483	ar53	EF-1_alpha	427	83.45	86.45	ar,dpann	0.0000	0.9497	0.0000	0.9533
TIGR00487	IF-2	TIGR_TIGR00487	bac120	IF-2	587	92.28	93.22	bac,pat	0.9812	0.0000	0.8715	0.0000
TIGR00491	aIF-2	TIGR_TIGR00491	ar53	aIF-2	594	91.17	91.54	ar,dpann	0.0000	0.9765	0.0000	0.9500
TIGR00496	frr	TIGR_TIGR00496	bac120	frr	176	94.11	94.65	bac	0.9729	0.0000	0.8072	0.0000
TIGR00522	dph5	TIGR_TIGR00522	ar53	dph5	258	83.37	83.91	ar,dpann	0.0000	0.8893	0.0000	0.9233
TIGR00539	hemN_rel	TIGR_TIGR00539	bac120	hemN_rel	361	80.47	81.39	bac	0.8292	0.0034	0.0100	0.0000
TIGR00580	mfd	TIGR_TIGR00580	bac120	mfd	923	85.21	86.65	bac	0.9229	0.0000	0.1064	0.0033
TIGR00593	pola	TIGR_TIGR00593	bac120	pola	890	88.71	89.77	bac	0.9229	0.0000	0.6205	0.0000
TIGR00615	recR	TIGR_TIGR00615	bac120	recR	196	91.44	92.08	bac	0.9458	0.0034	0.7470	0.0000
TIGR00631	uvrb	TIGR_TIGR00631	bac120	uvrb	658	89.75	91.44	bac	0.9229	0.2752	0.7530	0.1867
TIGR00634	recN	TIGR_TIGR00634	bac120	recN	563	78.91	79.93	bac	0.7500	0.0000	0.0000	0.0000
TIGR00635	ruvB	TIGR_TIGR00635	bac120	ruvB	305	91.08	92.29	bac	0.9542	0.0302	0.8253	0.0033
TIGR00643	recG	TIGR_TIGR00643	bac120	recG	629	85.97	86.49	bac	0.5958	0.0000	0.5141	0.0000
TIGR00663	dnan	TIGR_TIGR00663	bac120	dnan	367	87.99	91.65	bac,pat	0.9542	0.0000	0.9538	0.0033
TIGR00717	rpsA	TIGR_TIGR00717	bac120	rpsA	516	71.45	79.16	bac	0.4875	0.0000	0.0000	0.0000
TIGR00755	ksgA	TIGR_TIGR00755	bac120	ksgA	256	90.76	91.22	bac	0.9604	0.8691	0.8092	0.3133
TIGR00810	secG	TIGR_TIGR00810	bac120	secG	73	91.29	92.02	bac,pat	0.9542	0.0000	0.9478	0.0033
TIGR00922	nusG	TIGR_TIGR00922	bac120	nusG	172	83.29	83.89	bac,pat	0.9313	0.0000	0.9458	0.0000
TIGR00928	purB	TIGR_TIGR00928	bac120	purB	436	77.13	78.70	bac	0.8500	0.8154	0.1004	0.1800
TIGR00959	ffh	TIGR_TIGR00959	bac120	ffh	428	82.16	82.45	bac	0.8792	0.0000	0.0000	0.0000
TIGR00963	secA	TIGR_TIGR00963	bac120	secA	787	86.31	86.97	bac,pat	0.9479	0.0034	0.9237	0.0067
TIGR00964	secE_bact	TIGR_TIGR00964	bac120	secE_bact	57	81.58	82.27	bac,pat	0.9146	0.0000	0.9257	0.0000
TIGR00967	3a0501s007	TIGR_TIGR00967	bac120,ar53	3a0501s007	414	87.33	88.25	bac,ar,pat,dpann	0.9625	0.8289	0.9659	0.8567
TIGR00982	uS12_E_A	TIGR_TIGR00982	ar53	uS12_E_A	139	90.49	91.14	ar,dpann	0.0000	0.9765	0.0000	0.9900
TIGR01008	uS3_euk_arch	TIGR_TIGR01008	ar53	uS3_euk_arch	195	90.54	90.88	ar,dpann	0.0000	0.9866	0.0000	0.9700
TIGR01009	rpsC_bact	TIGR_TIGR01009	bac120	rpsC_bact	212	84.10	85.23	bac,pat	0.9688	0.0034	0.9839	0.0000
TIGR01011	rpsB_bact	TIGR_TIGR01011	bac120	rpsB_bact	225	91.23	93.30	bac,pat	0.9833	0.4765	0.9719	0.3467
TIGR01012	uS2_euk_arch	TIGR_TIGR01012	ar53	uS2_euk_arch	196	92.64	93.32	ar,dpann	0.0000	0.9497	0.0000	0.8933
TIGR01017	rpsD_bact	TIGR_TIGR01017	bac120	rpsD_bact	200	88.01	90.69	bac,pat	0.9521	0.0000	0.8695	0.0000
TIGR01018	uS4_arch	TIGR_TIGR01018	ar53	uS4_arch	162	91.86	92.58	ar,dpann	0.0000	0.9765	0.0020	0.9933
TIGR01020	uS5_euk_arch	TIGR_TIGR01020	ar53	uS5_euk_arch	212	92.05	92.59	ar,dpann	0.0000	0.9966	0.0000	1.0000
TIGR01021	rpsE_bact	TIGR_TIGR01021	bac120	rpsE_bact	156	86.82	87.37	bac	0.9688	0.0000	0.5482	0.0000
TIGR01028	uS7_euk_arch	TIGR_TIGR01028	ar53	uS7_euk_arch	186	90.78	91.27	ar	0.0000	0.9799	0.0000	0.8233
TIGR01029	rpsG_bact	TIGR_TIGR01029	bac120	rpsG_bact	154	83.70	84.42	bac,pat	0.9583	0.0000	0.9558	0.0033
TIGR01032	rplT_bact	TIGR_TIGR01032	bac120	rplT_bact	114	91.89	92.76	bac,pat	0.9875	0.0000	0.9598	0.0000
TIGR01039	atpD	TIGR_TIGR01039	bac120	atpD	462	76.01	80.70	bac	0.8417	0.0034	0.5100	0.0000
TIGR01044	rplV_bact	TIGR_TIGR01044	bac120	rplV_bact	103	83.20	83.73	bac,pat	0.9646	0.0034	0.9137	0.0000
TIGR01046	uS10_euk_arch	TIGR_TIGR01046	ar53	uS10_euk_arch	99	87.44	88.19	ar,dpann	0.0000	0.9698	0.0000	0.9600
TIGR01052	top6b	TIGR_TIGR01052	ar53	top6b	488	81.48	86.41	ar,dpann	0.0458	0.8758	0.0020	0.9433
TIGR01059	gyrB	TIGR_TIGR01059	bac120	gyrB	639	82.80	86.13	bac	0.8833	0.3658	0.6084	0.5600
TIGR01063	gyrA	TIGR_TIGR01063	bac120	gyrA	800	83.99	85.86	bac,pat	0.9417	0.3926	0.8916	0.5633
TIGR01066	rplM_bact	TIGR_TIGR01066	bac120	rplM_bact	141	91.70	92.44	bac,pat	0.9708	0.0000	0.9398	0.0000
TIGR01071	rplO_bact	TIGR_TIGR01071	bac120	rplO_bact	144	87.62	88.42	bac	0.9521	0.0000	0.7149	0.0000
TIGR01079	rplX_bact	TIGR_TIGR01079	bac120	rplX_bact	104	84.85	85.51	bac,pat	0.9563	0.0000	0.9900	0.0000
TIGR01082	murC	TIGR_TIGR01082	bac120	murC	449	83.81	85.61	bac	0.8854	0.0000	0.6305	0.0033
TIGR01087	murD	TIGR_TIGR01087	bac120	murD	441	87.46	88.87	bac	0.9271	0.0000	0.7390	0.0067
TIGR01128	holA	TIGR_TIGR01128	bac120	holA	314	86.02	86.96	bac	0.9250	0.0000	0.7249	0.0033
TIGR01146	ATPsyn_F1gamma	TIGR_TIGR01146	bac120	ATPsyn_F1gamma	286	76.54	81.78	bac	0.8333	0.0000	0.4819	0.0000
TIGR01164	rplP_bact	TIGR_TIGR01164	bac120	rplP_bact	126	84.38	85.31	bac,pat	0.9688	0.0034	0.9819	0.0000
TIGR01169	rplA_bact	TIGR_TIGR01169	bac120	rplA_bact	227	83.16	84.08	bac	0.9521	0.0000	0.4438	0.0000
TIGR01171	rplB_bact	TIGR_TIGR01171	bac120,ar53	rplB_bact	275	84.22	85.04	bac,ar,pat	0.9646	0.0134	0.9799	0.0000
TIGR01213	pseudo_Pus10arc	TIGR_TIGR01213	ar53	pseudo_Pus10arc	387	66.86	68.88	ar	0.0042	0.8154	0.0020	0.2500
TIGR01302	IMP_dehydrog	TIGR_TIGR01302	bac120	IMP_dehydrog	450	73.98	76.07	bac	0.6750	0.2785	0.0723	0.1933
TIGR01391	dnaG	TIGR_TIGR01391	bac120	dnaG	414	88.49	94.33	bac,pat	0.9646	0.0000	0.9197	0.0133
TIGR01393	lepA	TIGR_TIGR01393	bac120	lepA	595	89.12	93.09	bac,pat	0.9333	0.0000	0.8996	0.0000
TIGR01394	TypA_BipA	TIGR_TIGR01394	bac120	TypA_BipA	594	84.01	86.71	bac	0.8021	0.0000	0.6526	0.0033
TIGR01510	coaD_prev_kdtB	TIGR_TIGR01510	bac120	coaD_prev_kdtB	155	84.77	86.36	bac	0.9292	0.0000	0.0261	0.1967
TIGR01632	L11_bact	TIGR_TIGR01632	bac120	L11_bact	140	83.92	84.59	bac,pat	0.9500	0.0000	0.9458	0.0000
TIGR01951	nusB	TIGR_TIGR01951	bac120	nusB	131	91.04	91.55	bac,pat	0.9396	0.0000	0.9538	0.0000
TIGR01952	nusA_arch	TIGR_TIGR01952	ar53	nusA_arch	141	75.87	80.10	ar,dpann	0.0000	0.9530	0.0060	0.8800
TIGR01953	NusA	TIGR_TIGR01953	bac120	NusA	340	92.60	93.45	bac,pat	0.9792	0.0000	0.9538	0.0033
TIGR02012	tigrfam_recA	TIGR_TIGR02012	bac120	tigrfam_recA	321	89.13	94.08	bac,pat	0.9604	0.0000	0.9518	0.0033
TIGR02013	rpoB	TIGR_TIGR02013	bac120	rpoB	1238	80.89	83.79	bac,pat	0.9500	0.0000	0.9498	0.0033
TIGR02027	rpoA	TIGR_TIGR02027	bac120	rpoA	298	87.12	91.13	bac,pat	0.9646	0.0000	0.9558	0.0000
TIGR02075	pyrH_bact	TIGR_TIGR02075	bac120	pyrH_bact	233	86.42	87.56	bac	0.9125	0.0000	0.1968	0.0000
TIGR02191	RNaseIII	TIGR_TIGR02191	bac120	RNaseIII	219	85.40	86.56	bac,pat	0.9083	0.0067	0.9578	0.0000
TIGR02236	recomb_radA	TIGR_TIGR02236	ar53	recomb_radA	311	81.73	88.92	ar,dpann	0.0000	0.9530	0.0000	0.9433
TIGR02273	16S_RimM	TIGR_TIGR02273	bac120	16S_RimM	166	76.63	77.02	bac	0.7417	0.0000	0.0000	0.0000
TIGR02338	gimC_beta	TIGR_TIGR02338	ar53	gimC_beta	110	87.57	88.07	ar	0.0000	0.9295	0.0000	0.5700
TIGR02350	prok_dnaK	TIGR_TIGR02350	bac120	prok_dnaK	596	78.95	87.52	bac,pat	0.9021	0.5638	0.8976	0.6233
TIGR02386	rpoC_TIGR	TIGR_TIGR02386	bac120	rpoC_TIGR	1147	78.80	79.43	bac,pat	0.9292	0.0000	0.9398	0.0033
TIGR02389	RNA_pol_rpoA2	TIGR_TIGR02389	ar53	RNA_pol_rpoA2	367	68.98	69.42	ar	0.0000	0.9262	0.0020	0.3633
TIGR02390	RNA_pol_rpoA1	TIGR_TIGR02390	ar53	RNA_pol_rpoA1	867	82.65	83.06	ar,dpann	0.0000	0.9463	0.0040	0.8833
TIGR02397	dnaX_nterm	TIGR_TIGR02397	bac120	dnaX_nterm	355	90.08	92.80	bac,pat	0.9667	0.0034	0.9337	0.0000
TIGR02432	lysidine_TilS_N	TIGR_TIGR02432	bac120	lysidine_TilS_N	189	85.76	87.64	bac	0.9625	0.0000	0.2169	0.0000
TIGR02729	Obg_CgtA	TIGR_TIGR02729	bac120	Obg_CgtA	329	91.06	92.67	bac	0.9354	0.0000	0.5221	0.0033
TIGR03263	guanyl_kin	TIGR_TIGR03263	bac120	guanyl_kin	180	85.21	85.83	bac	0.8979	0.0000	0.1044	0.0067
TIGR03594	GTPase_EngA	TIGR_TIGR03594	bac120	GTPase_EngA	432	88.87	89.53	bac	0.9458	0.0000	0.3795	0.0000
TIGR03625	L3_bact	TIGR_TIGR03625	bac120	L3_bact	202	84.40	85.07	bac,pat	0.9625	0.0000	0.9257	0.0000
TIGR03626	L3_arch	TIGR_TIGR03626	ar53	L3_arch	331	78.54	78.70	ar,dpann	0.0000	0.9698	0.0000	0.8700
TIGR03627	uS9_arch	TIGR_TIGR03627	ar53	uS9_arch	130	59.58	59.75	ar	0.0000	0.8691	0.0000	0.4300
TIGR03628	arch_S11P	TIGR_TIGR03628	ar53	arch_S11P	117	61.59	61.87	ar	0.0000	0.8658	0.0000	0.5533
TIGR03629	uS13_arch	TIGR_TIGR03629	ar53	uS13_arch	144	49.73	49.86	ar	0.0000	0.8020	0.0000	0.3267
TIGR03632	uS11_bact	TIGR_TIGR03632	bac120	uS11_bact	117	87.51	88.13	bac	0.9417	0.0000	0.5442	0.0000
TIGR03654	L6_bact	TIGR_TIGR03654	bac120	L6_bact	175	85.15	85.63	bac,pat	0.9625	0.0000	0.9699	0.0000
TIGR03670	rpoB_arch	TIGR_TIGR03670	ar53	rpoB_arch	599	81.61	82.07	ar,dpann	0.0000	0.9564	0.0020	0.8933
TIGR03671	cca_archaeal	TIGR_TIGR03671	ar53	cca_archaeal	410	86.10	86.88	ar	0.0000	0.9228	0.0000	0.6533
TIGR03672	rpl4p_arch	TIGR_TIGR03672	ar53	rpl4p_arch	251	69.35	69.45	ar	0.0000	0.9497	0.0000	0.6733
TIGR03673	uL14_arch	TIGR_TIGR03673	ar53	uL14_arch	131	42.23	42.38	ar	0.0000	0.7483	0.0000	0.0433
TIGR03674	fen_arch	TIGR_TIGR03674	ar53	fen_arch	338	80.83	84.12	ar,dpann	0.0000	0.9530	0.0000	0.9533
TIGR03676	aRF1_eRF1	TIGR_TIGR03676	ar53	aRF1/eRF1	403	87.49	92.48	ar,dpann	0.0000	0.9799	0.0000	0.9500
TIGR03680	eif2g_arch	TIGR_TIGR03680	ar53	eif2g_arch	407	80.13	80.26	ar,dpann	0.0021	0.9597	0.0000	0.8533
TIGR03723	T6A_TsaD_YgjD	TIGR_TIGR03723	bac120	T6A_TsaD_YgjD	314	90.48	91.28	bac,pat	0.9604	0.0000	0.8936	0.0000
TIGR03725	T6A_YeaZ	TIGR_TIGR03725	bac120	T6A_YeaZ	212	84.85	85.37	bac	0.9271	0.0000	0.2510	0.0000
TIGR03953	rplD_bact	TIGR_TIGR03953	bac120	rplD_bact	188	84.15	84.80	bac,pat	0.9521	0.0000	0.9618	0.0000
PF18075	FtsX_ECD	PF18075.9		FtsX_ECD		98.52	94.78	pat	0.5250	0.0000	0.9478	0.0000
PF22090	Gins51_C	PF22090.2		Gins51_C		99.26	89.67	dpann	0.0000	0.5940	0.0000	0.8967
TIGR00649	MG423	TIGR00649.1		MG423		98.46	91.57	pat	0.4188	0.2215	0.9157	0.4033
PF27325	MJ0538	PF27325.1		MJ0538		99.28	93.00	dpann	0.0000	0.0738	0.0000	0.9300
NF003211	PRK04173.1	NF003211.1		PRK04173.1		99.32	98.33	pat,dpann	0.4729	0.9597	0.9458	0.9833
PF21210	RNA_helicase_helical	PF21210.4		RNA_helicase_helical		97.13	93.00	dpann	0.0000	0.6275	0.0040	0.9300
PF17770	RNase_J_C	PF17770.8		RNase_J_C		97.39	92.37	pat	0.4917	0.0000	0.9237	0.0033
PF02616	SMC_ScpA	PF02616.20		SMC_ScpA		99.65	95.67	dpann	0.7729	0.5000	0.4699	0.9567
PF04079	SMC_ScpB	PF04079.23		SMC_ScpB		98.61	96.00	dpann	0.7729	0.6611	0.4699	0.9600
PF02403	Seryl_tRNA_N	PF02403.28		Seryl_tRNA_N		97.48	95.58	pat,dpann	0.9563	0.6376	0.9558	0.9433
PF20768	Topo_VI_alpha	PF20768.3		Topo_VI_alpha		100.00	85.67	dpann	0.0396	0.5839	0.0020	0.8567
PF26593	TraC-like	PF26593.2		TraC-like		96.52	92.37	pat	0.0104	0.0302	0.9237	0.1033
NF045971	conju_CD1110	NF045971.1		conju_CD1110		96.38	88.76	pat	0.0125	0.0000	0.8876	0.0333
TIGR00389	glyS_dimeric	TIGR00389.1		glyS_dimeric		98.98	98.33	pat,dpann	0.4729	0.9732	0.9458	0.9833
TIGR01057	topA_arch	TIGR01057.1		topA_arch		100.00	93.00	dpann	0.0104	0.6678	0.0000	0.9300
